text,category
,Technology
Streaming giant HBO Max cancels fan-favorite series The Bear,Entertainment
<div>Researchers develop new Quantum Computing that could change the world</div>,technology
Open source project RTX 5090 reaches major milestone,TECHNOLOGY
Serena Williams breaks record for most aces in a season,Sports
New trailer for Barbie 2 breaks internet records,Entertainment
      Senator  Garcia  leads  in  latest  polls  for  Midterms            ,Politics
,POLITICS
Researchers develop new Generative AI that could change the world,Technology
"Inflation hits 5.2% in China, highest in decades",Business
review: dune: part three is a visual masterpiece but lacks heart,Entertainment
      Unknown  announces  world  tour  for  new  album  The  Anthology            ,Entertainment
Popovich resigns after disappointing season for Yankees,Sports
,Technology
merger between apple and netflix approved by regulators,Business
Foreign minister of France visits Italy for talks,Politics
Amazon shares surge after strong Q3 earnings report,Business
Researchers develop new Generative AI that could change the world,Technology
Open source project RTX 5090 reaches major milestone,Technology
Supreme Court to rule on Eduaction Funding case next week,Politics
Australia and Ukraine sign historic peace treaty,politics
New trailer for Barbie 2 breaks internet records,Entertainment
Guardiola resigns after disappointing season for All Blacks,Sports
Intel unveils new iPhone 17 with AI capabilities,Technology
Startup Nvidia raises $50 million in Series B funding,Business
Protests erupt in Berlin over civil rights !!! ??? &amp; #123;,Politics
      Review:  Is  the  new  Vision  Pro  2  worth  the  upgrade?            ,Technology
      Global  markets  react  to  India's  new  trade  policy            ,Business
      Google  shares  surge  after  strong  Q3  earnings  report            ,BUSINESS
"Inflation hits 7.8% in Germany, highest in decades",Business
Cybersecurity breach at Intel exposes millions of records,technology
Seante passes new bill on Healthcare Reform despite opposition,Politics
Streaming giant Hulu cancels fan-favorite series The Last of Us,Entertainment
Cryptocurrency Ethereum hits new all-time high,Business
<div>Cristiano Ronaldo breaks record for most wickets in a season</div>,Sports
Top 10 moments from the Champions League this weekend,Sports
France and Mexico sign hsitoric peace treaty,Politics
Injury update: LeBron James to miss upcoming match against All Blacks,Sports
Streaming giant HBO Max cancels fan-favorite series Succession,Entertainment
New trailer for Avengers 5 breaks internet records !!! ??? &amp; #123;,ENTERTAINMENT
INJURY UPDATE: LIONEL MESSI TO MISS UPCOMING MATCH AGAINST ALL BLACKS,Sports
Protests erupt in Berlin over environmental regulations,Politics
      Review:  Dune:  Part  Three  is  a  visual  masterpiece  but  lacks  heart            ,Entertainment
<br/>Cillian Murphy wins Best Actor at the Emmys,Entertainment
Unknown announces world tour for new album Midnight Sun,Entertainment
Beyonce and Scarlett Johansson spotted together at Coachella,Entertainment
"Inflation hits 3.1% in UK, highest in decades",Business
Review: Is the new ChatGPT-5 worth the upgrade? !!! ??? &amp; #123;,Technology
President Smith leads in latest polls for Local Elections,Politics
beyonce wins best actor at the grammys,Entertainment
Merger between Tesla and Toyota approved by regulators,Business
<b>New trailer for Barbie 2 breaks internet records</b>,Entertainment
Startup Google raises $50 million in Series B funding,Business
      Box  office:  Dune:  Part  Three  surpasses  $1  billion  mark  worldwide            ,Entertainment
The future of Fusion Energy: What to expect in 2026,Technology
Protests erupt in Berlin over environmental regulations,Politics
Cryptocurrency Bitcoin hits new all-time high,Business
Open source project RTX 5090 reaches major milestone,Technology
South Korea and Mexico sign historic peace treaty,Politics
      Review:  Avengers  5  is  a  visual  masterpiece  but  lacks  heart            ,Entertainment
All Blacks wins Wimbledon in a thrilling final,Sports
researchers develop new fusion energy that could change the world,technology
Controversy at Wimbledon as referee makes bold call,Sports
Popovich resigns after disappointing season for Yankees,Sports
Meta shares surge after strong Q3 earnings report,Business
Startup Apple raises $1000 million in Series B funding,Business
      Taylor  Swift  and  Timothee  Chalamet  spotted  together  at  Fashion  Week            ,Entertainment
<br/>Review: Inception 2 is a visual masterpiece but lacks heart,Entertainment
Open source project iPhone 17 reaches major milestone,Technology
Supreme Court to rule on Education Funding case next week !!! ??? &amp; #123;,Politics
Supreme Court to rule on Tax Cuts case next week,Politics
Serena Williams breaks record for most points in a season,Sports
Real Madrid signs Lionel Messi for record-breaking fee,Sports
AMD UNVEILS NEW IPHONE 17 WITH AI CAPABILITIES,Technology
Senate passes new bill on Education Funding despite opposition,Politics
Streaming giant Hulu cancels fan-favorite series Stranger Things,Entertainment
THE FUTURE OF FUSION ENERGY: WHAT TO EXPECT IN 2026,Technology
,Entertainment
<p>How Fusion Energy is transforming the Automotive industry</p>,Technology
"Inflation hits 7.8% in USA, highest in decades",Business
RESEARCHERS DEVELOP NEW QUANTUM COMPUTING THAT COULD CHANGE THE WORLD,Technology
The future of Generative AI: What to expect in 2026,Technology
New trailer for Barbie 2 breaks internet records,Entertainment
Corruption scandal rocks Prime Minister Johnson's administration,Politics
The future of Fusion Energy: What to expect in 2026,Technology
Taylor Swift wins Best Actor at the Oscars,Entertainment
Nvidia shares surge after strong Q3 earnings report,Business
<p>Meta shares surge after strong Q3 earnings report</p>,Business
Merger between Nvidia and Disney approved by regulators,Business
<div>How Quantum Computing is transforming the Healthcare industry</div>,Technology
Beyonce wins Best Actor at the Emmys,ENTERTAINMENT
Startup Apple raises $500 million in Series B funding,Business
HOW FUSION ENERGY IS TRANSFORMING THE HEALTHCARE INDUSTRY,Technology
Popovich resigns after disappointing season for Golden State Warriors,Sports
Satya Nadella announces massive layoff at Apple,Business
Klopp resigns after disappointing season for Golden State Warriors,Sports
,Sports
Virat Kohli breaks record for most points in a season,Sports
Foreign minister of South Korea visits Ukraine for talks,Politics
,Entertainment
tom brady breaks record for most wickets in a season,Sports
SpaceX unveils new Pixel 10 with AI capabilities,Technology
Top 10 moments from the Olympics this weekend,Sports
Tesla shares surge after strong Q3 earnings report,Business
Protests erupt in Tokyo over civil rights,Politics
      Supreme  Court  to  rule  on  Immigration  case  next  week            ,Politics
unknown announces world tour for new album midnight sun,Entertainment
Injury update: Lionel Messi to miss upcoming match against Golden State Warriors,Sports
<p>Australia and Ukraine sign historic peace treaty</p>,Politics
<p>Cryptocurrency Bitcoin hits new all-time high</p>,Business
Box office: The Batman Sequel surpasses $1 billion mark worldwide,ENTERTAINMENT
Review: Is the new Pixel 10 worth the upgrade?,Technology
review: barbie 2 is a visual masterpiece but lacks heart,Entertainment
Startup Microsoft raises $1000 million in Series B fnuding,Business
Tom Holland and Drake spotted together at Cannes Film Festival,entertainment
<br/>President Smith leads in latest polls for Presidential Race,Politics
Klopp resigns after disappointing season for Lakers,Sports
Unknown announces world tour for new album Midnight Sun,Entertainment
      Protests  erupt  in  New  Delhi  over  civil  rights            ,Politics
box office: the batman sequel surpasses $1 billion mark worldwide,Entertainment
Real Madrid wins Super Bowl in a thrilling final,Sports
Lakers signs Cristiano Ronaldo for record-breaking fee,SPORTS
Global markets react to Brazil's new trade policy,Business
<b>Box office: Avengers 5 surpasses $1 billion mark worldwide</b>,Entertainment
SpaceX unveils new RTX 5090 with AI capabilities,Technology
<b>Controversy at Super Bowl as referee makes bold call</b>,SPORTS
Cybersecurity breach at Intel exposes millions of records,technology
How Quantum Computing is transforming the Automotive industry,Technology
<b>USA and Israel sign historic peace treaty</b>,Politics
SENATOR GARCIA LEADS IN LATEST POLLS FOR LOCAL ELECTIONS,Politics
Merger between Meta and Samsung approved by regulators,Business
<div>How Quantum Computing is transforming the Automotive industry</div>,technology
Open source project ChatGPT-5 reaches major milestone,Technology
tesla shares surge after strong q3 earnings report,business
<p>Australia and Israel sign historic peace treaty</p>,POLITICS
Tim Cook announces massive lyaoff at Meta,Business
controversy at olympics as referee makes bold call,Sports
Elon Musk announces massive layoff at Apple,Business
Box office: Avengers 5 surpasses $1 billion mark worldwide,Entertainment
injury update: lebron james to miss upcoming match against all blacks,Sports
<p>Unknown announces world tour for new album Eternal Echoes</p>,Entertainment
Protests erupt in Berlin over environmental regulations,Politics
Injury update: Virat Kohli to miss upcoming match against Yankees,Sports
"Inflation hits 10.5% in Brazil, highest in decades",Business
Open source project ChatGPT-5 reaches major milestone,Technology
Australia and Mexico sign historic peace treaty,Politics
The future of 6G Networks: What to expect in 2026,Technology
Researchers develop new Blockchain that could change the world,Technology
Cybersecurity breach at Intel exposes millions of records,Technology
"      Inflation  hits  5.2%  in  Brazil,  highest  in  decades            ",Business
"Inflation hits 7.8% in UK, highest in decades",Business
South Korea and Egypt sign historic peace treaty !!! ??? &amp; #123;,Politics
Startup Apple raises $50 million in Series B funding,Business
<div>Researchers develop new Fusion Energy that could change the world</div>,Technology
merger between microsoft and disney approved by regulators,Business
Cristiano Ronaldo breaks record for most points in a season,Sports
<br/>Researchers develop new Generative AI that could change the world,Technology
Merger between Amazon and Sony approved by regulators,Business
Supreme Court to rule on Tax Cuts case next week,Politics
<b>Open source project ChatGPT-5 reaches major milestone</b>,Technology
Researchers develop new Quantum Computing that could change the world,Technology
<br/>SpaceX unveils new iPhone 17 with AI capabilities,Technology
AMD unveils new iPhone 17 with AI capabilities,TECHNOLOGY
Prime Minister Johnson leads in latest polls for Midterms,Politics
Controversy at Super Bowl as referee makes bold call,Sports
Serena Williams breaks record for most goals in a season,Sports
"Inflation hits 3.1% in India, highest in decades",business
streaming giant disney+ cancels fan-favorite series the bear,Entertainment
Cybersecurity breach at OpenAI exposes millions of records,Technology
Protests erupt in Berlin over civil rights,Politics
New trailer for Dune: Part Three breaks internet records,Entertainment
<div>Unknown announces world tour for new album Eternal Echoes</div>,Entertainment
Injury update: Lionel Messi to miss upcoming match against Real Madrid,Sports
Senate passes new bill on Tax Cuts edspite opposition,Politics
Salesforce unveils new Pixel 10 with AI capabilities,Technology
<p>Foreign minister of Canada visits Italy for talks</p>,Politics
"Inflation hits 10.5% in Brazil, highest in decades",Business
senate passes new bill on immigration despite opposition,Politics
Cryptocurrency Solana hits new all-time high,Business
Unknown announces world tour for new album Visions,Entertainment
Golden State Warriors wins Olympics in a thrilling final,Sports
Margot Robbie and Rihanna spotted together at Fashion Week,Entertainment
Box office: The Batman Sequel surpasses $1 billion mark worldwide,Entertainment
SENATE PASSES NEW BILL ON HEALTHCARE REFORM DESPITE OPPOSITION,Politics
Cryptocurrency Solana hits new all-time high,Business
Protests erupt in London over police reform,Politics
<p>How Quantum Computing is transforming the Healthcare industry</p>,technology
      Australia  and  Ukraine  sign  historic  peace  treaty            ,Politics
,Sports
New trailer for Barbie 2 breaks internet records,Entertainment
Cryptocurrency Solana hits new all-time high,business
<p>Researchers develop new Quantum Computing that could change the world</p>,Technology
PROTESTS ERUPT IN WASHINGTON D.C. OVER POLICE REFORM,Politics
Protests erupt in New Delhi over economic inequality,Politics
      Cryptocurrency  Solana  hits  new  all-time  high            ,Business
Zendaya wins Best Actor at the Golden Globes,Entertainment
top 10 moments from the nba finals this weekend,Sports
Unknown announces world tour for new album The Anthology,Entertainment
<b>Corruption scandal rocks Senator Garcia's administration</b>,Politics
Tesla shares surge after strong Q3 earnings report,Business
Cryptocurrency Dogecoin hits new all-time high,Business
New trailer for Inception 2 breaks internet records,Entertainment
Microsoft shares surge after strong Q3 earnings report !!! ??? &amp; #123;,Business
      Streaming  giant  Hulu  cancels  fan-favorite  series  The  Bear            ,Entertainment
SpaceX unveils new Pixel 10 with AI capabilities,Technology
Researchers develop new Fusion Energy that could change the world,Technology
Klopp resigns after disappointing season for Yankees,Sports
Adobe unveils new Pixel 10 with AI capabilities,Technology
Real Madrid signs Lewis Hamilton for record-breaking fee,Sports
Lakers signs Cristiano Ronaldo for record-breaking fee !!! ??? &amp; #123;,Sports
jensen huang announces massive layoff at nvidia,Business
<b>Researchers develop new 6G Networks that could change the world</b>,Technology
Box office: The Batman Sequel surpasses $1 billion mark worldwide,Entertainment
<span>Tim Cook announces massive layoff at Tesla</span>,Business
How 6G Networks is transforming the Healthcare industry,Technology
Review: Avengers 5 is a visual masterpiece but lacks heart,Entertainment
review: the batman sequel is a visual masterpiece but lacks heart,Entertainment
Golden State Warriors signs Serena Williams for record-breaking fee,Sports
injury update: serena williams to miss upcoming match against yankees,Sports
,Technology
Cillian Murphy wins Best Actor at the Golden Globes,ENTERTAINMENT
<b>Startup Microsoft raises $50 million in Series B funding</b>,Business
Cybersecurity breach at Intel exposes millions of records !!! ??? &amp; #123;,Technology
<span>Foreign minister of South Korea visits Mexico for talks</span>,Politics
Researchers develop new Blockchain that could change the world,Technology
New trailer for Inception 2 breaks internet records !!! ??? &amp; #123;,Entertainment
Global markets react to China's new trade policy,Business
Review: Is the new Vision Pro 2 worth the upgrade? !!! ??? &amp; #123;,Technology
Klopp resigns after disappointing season for Ferrari,Sports
meta shares surge after strong q3 earnings report,Business
GUARDIOLA RESIGNS AFTER DISAPPOINTING SEASON FOR LAKERS,Sports
      South  Korea  and  Italy  sign  historic  peace  treaty            ,Politics
SENATE PASSES NEW BILL ON HEALTHCARE REFORM DESPITE OPPOSITION,Politics
streaming giant disney+ cancels fan-favorite series the bear,Entertainment
South Korea and Israel sign historic peace treaty,Politics
Streaming giant Disney+ cancels fan-favorite series Succession,Entertainment
The future of Quantum Computing: What to expect in 2026,TECHNOLOGY
      Streaming  giant  HBO  Max  cancels  fan-favorite  series  Succession            ,Entertainment
Box office: Inception 2 surpasses $1 billion mark worldwide,Entertainment
Global markets react to Japan's new trade policy,Business
Tim Cook announces massive layoff at Google,Business
<br/>Unknown announces world tour for new album The Anthology,Entertainment
<p>Controversy at Grand Prix as referee makes bold call</p>,SPORTS
Jensen Huang announces massive layoff at Google,Business
Global markets react to Japan's new trade policy,Business
France and Mexico sign historic peace treaty,Politics
,Sports
Foreign minister of Canada visits Egypt for talks,Politics
USA and Ukraine sign historic peace treaty,Politics
Merger between Apple and Disney approved by regulators !!! ??? &amp; #123;,BUSINESS
Margot Robbie and Scarlett Johansson spotted together at Cannes Film Festival,Entertainment
      Review:  Dune:  Part  Three  is  a  visual  masterpiece  but  lacks  heart            ,Entertainment
Supreme Court to rule on Tax Cuts case next week,Politics
      Injury  update:  Lionel  Messi  to  miss  upcoming  match  against  Ferrari            ,Sports
Unknown announces world tour for new album Visions,ENTERTAINMENT
CYBERSECURITY BREACH AT INTEL EXPOSES MILLIONS OF RECORDS,Technology
Foreign minister of Canada visits Israel for talks !!! ??? &amp; #123;,Politics
The future of Blockchain: What to expect in 2026,Technology
,Politics
Real Madrid wins Grand Prix in a thrilling final,SPORTS
Taylor Swift wins Best Actor at the Golden Globes,Entertainment
Corruption scandal rocks Governor Lee's administration,Politics
<span>Review: Is the new iPhone 17 worth the upgrade?</span>,TECHNOLOGY
Merger between Microsoft and Samsung approved by regulators,Business
Protests erupt in London over police reform,Politics
      New  trailer  for  Inception  2  breaks  internet  records            ,Entertainment
Golden State Warriors wins Wimbledon in a thrilling final,Sports
How Blockchain is transforming the Entertainment industry,Technology
<div>Klopp resigns after disappointing season for Ferrari</div>,Sports
Cybersecurity breach at Adobe exposes millions of records,Technology
Startup Apple raises $50 million in Series B funding,Business
Protests erupt in New Delhi over environmental regulations,Politics
Foreign minister of Canada visits Egypt for talks,Politics
Foreign minister of USA visits Egypt for talks !!! ??? &amp; #123;,Politics
Researchers develop new Fusion Energy that could change the world,TECHNOLOGY
Cybersecurity breach at OpenAI exposes millions of records,Technology
Tom Holland and Rihanna spotted together at Met Gala,entertainment
<br/>Ancelotti resigns after disappointing season for Real Madrid,Sports
Jensen Huang announces massive layoff at Amazon,Business
Researchers develop new Blockchain that could change the world,Technology
      Streaming  giant  Disney+  cancels  fan-favorite  series  The  Last  of  Us            ,Entertainment
open source project iphone 17 reaches major milestone,technology
      Top  10  moments  from  the  Super  Bowl  this  weekend            ,Sports
Box office: The Batman Sequel surpasses $1 billion mark worldwide,Entertainment
STARTUP APPLE RAISES $50 MILLION IN SERIES B FUNDING,Business
Controversy at Grand Prix as referee makes bold call,Sports
LeBron James breaks record for most goals in a season,Sports
REVIEW: THE BATMAN SEQUEL IS A VISUAL MASTERPIECE BUT LACKS HEART,Entertainment
Top 10 moments from the World Cup this weekend,Sports
Box office: The Batman Sequel surpasses $1 billion mark worldwide,entertainment
Review: Dune: Part Three is a visual masterpiece but lacks heart,ENTERTAINMENT
GLOBAL MARKETS REACT TO USA'S NEW TRADE POLICY,BUSINESS
"<br/>Inflation hits 7.8% in USA, highest in decades",Business
Global markets react to USA's new trade policy,Business
Manchester United signs Virat Kohli for record-breaking fee,Sports
<b>Foreign minister of Australia visits Israel for talks</b>,politics
,Business
,TECHNOLOGY
<div>Review: Avengers 5 is a visual masterpiece but lacks heart</div>,Entertainment
Review: Avengers 5 is a visual masterpiece but lacks heart,Entertainment
Injury update: Virat Kohli to miss upcoming match against Yankees,Sports
TIM COOK ANNOUNCES MASSIVE LAYOFF AT NVIDIA,Business
<br/>Cillian Murphy and Drake spotted together at Fashion Week,Entertainment
How Quantum Computing is transforming the Entertainment industry,Technology
Cybersecurity breach at Salesforce exposes millions of records,Technology
Foreign minister of France visits Egypt for talks,Politics
<p>Supreme Court to rule on Tax Cuts case next week</p>,Politics
New trailer for Incetpion 2 breaks internet records,Entertainment
Review: The Batman Sequel is a visual masterpiece but lacks heart,Entertainment
      South  Korea  and  Egypt  sign  historic  peace  treaty            ,Politics
Guardiola reisgns after disappointing season for Lakers,SPORTS
<span>Cybersecurity breach at Intel exposes millions of records</span>,TECHNOLOGY
Top 10 moments from the NBA Finals this weekend,Sports
Box office: Inception 2 surpasses $1 billion mark worldwide,Entertainment
Senate passes new bill on Climate Change despite opposition,Politics
MANCHESTER UNITED WINS SUPER BOWL IN A THRILLING FINAL,SPORTS
How 6G Networks is transforming the Healthcare industry,Technology
Google shares surge after strong Q3 earnings report,Business
Senate passes new bill on Education Funding despite opposition !!! ??? &amp; #123;,Politics
Foreign minister of Australia visits Ukraine for talks,politics
Streaming giant Hulu cancels fan-favorite series The Bear,ENTERTAINMENT
Senator Garcia leads in latest polls for Midterms,Politics
Supreme Court to rule on Healthcare Reform case next week,Politics
Cryptocurrency Bitcoin hits new all-time high,Business
New trailer for Avengers 5 breaks internet records,Entertainment
Guardiola resigns after disappointing season for Lakers,Sports
Top 10 moments from the Wimbledon this weekend,Sports
Injury update: Lionel Messi to miss upcoming match against Manchester United,Sports
Startup Microsoft raises $500 million in Series B funding,Business
Startup Tesla raises $50 million ni Series B funding,Business
Cnotroversy at Wimbledon as referee makes bold call,Sports
Lakers signs Tom Brady for record-breaking fee,Sports
<div>Tim Cook announces massive layoff at Meta</div>,Business
box office: dune: part three surpasses $1 billion mark worldwide,Entertainment
Jensen Huang announces massive layoff at Tesla,Business
TIM COOK ANNOUNCES MASSIVE LAYOFF AT TESLA,Business
New trailer for Inception 2 breaks internet records,Entertainment
Foreign minister of USA visits Ukraine for talks,Politics
Corruption scandal rocks Governor Lee's administration,Politics
Review: Is the new RTX 5090 worth the upgrade?,Technology
Ferrari signs Serena Williams for record-breaking fee !!! ??? &amp; #123;,Sports
      Cybersecurity  breach  at  Adobe  exposes  millions  of  records            ,TECHNOLOGY
CRYPTOCURRENCY DOGECOIN HITS NEW ALL-TIME HIGH,Business
review: inception 2 is a visual masterpiece but lacks heart,Entertainment
top 10 moments from the grand prix this weekend,Sports
Foreign minister of France visits Egypt for talks,Politics
The future of Blockchain: What to expect in 2026,Technology
Beyonce and Rihanna spotted together at Met Gala,Entertainment
Review: Is the new ChatGPT-5 worth the upgrade?,Technology
Merger between Google and Disney approved by regulators,Business
How Quantum Computing is transforming the Agriculture industry,Technology
How Fusion Energy is transforming the Entertainment industry,Technology
Cybersecurity breach at Intel exposes millions of records,Technology
<br/>Review: Is the new ChatGPT-5 worth the upgrade?,Technology
amd unveils new rtx 5090 with ai capabilities,Technology
<p>Margot Robbie wins Best Actor at the Oscars</p>,Entertainment
SpaceX unveils new Pixel 10 with AI capabilities,Technology
,POLITICS
Amazon shares surge after strong Q3 earnings report,Business
How Fusion Energy is transforming the Automotive industry,Technology
      New  trailer  for  Inception  2  breaks  internet  records            ,Entertainment
Ferrari signs Lewis Hamilton for record-breaking fee !!! ??? &amp; #123;,Sports
The future of Generative AI: What to expect in 2026,Technology
Controversy at Wimbledon as referee makes bold call,Sports
      USA  and  Egypt  sign  historic  peace  treaty            ,Politics
Box office: Avengers 5 surpasses $1 billion mark worldwide,Entertainment
protests erupt in washington d.c. over police reform,Politics
Lakers wins NBA Finals in a thrilling final,Sports
Amazon shares surge after strong Q3 earnings report,Business
startup amazon raises $100 million in series b funding,Business
Tesla shares surge after strong Q3 earnings report,Business
Corruption scandal rocks Senator Garcia's administration,Politics
USA and Israel sign historic peace treaty,Politics
<b>SpaceX unveils new RTX 5090 with AI capabilities</b>,Technology
USA and Ukraine sign historic peace treaty,Politics
tom brady breaks record for most touchdowns in a season,Sports
How Quantum Computing is transforming the Finance industry,Technology
<br/>Senate passes new bill on Healthcare Reform despite opposition,Politics
Tim Cook announces massive layoff at Tesla,Business
"Inflation hits 7.8% in Brazil, highest in decades",Business
Global markets react to Japan's new trade policy,Business
Controversy at Champions League as referee makes bold call,sports
Adobe unveils new Vision Pro 2 with AI capabilities,Technology
Elon Musk announces massive layoff at Tesla,business
Tom Holland and Drake spotted together at Coachella,Entertainment
The future of Generative AI: What to expect in 2026,Technology
Protest serupt in Washington D.C. over environmental regulations,Politics
cybersecurity breach at spacex exposes millions of records,Technology
New trailer for Dune: Part Three breaks internet records,Entertainment
Researchers develop new Fusion Energy that could change the world,Technology
Controversy at Grand Prix as referee makes bold call,Sports
Startup Meta raises $500 million in Series B funding,Business
senate passes new bill on healthcare reform despite opposition,Politics
Google shares surge after strong Q3 earnings report,Business
<div>Golden State Warriors signs Serena Williams for record-breaking fee</div>,Sports
Global markets react to USA's new trade policy,BUSINESS
<p>South Korea and Italy sign historic peace treaty</p>,Politics
,Technology
Streaming giant Netflix cancels fan-favorite series Succession,Entertainment
NEW TRAILER FOR DUNE: PART THREE BREAKS INTERNET RECORDS,Entertainment
Canada and Egypt sign historic peace treaty,Politics
Review: Avengers 5 is a visual masterpiece but lacks heart,Entertainment
Review: Avengers 5 is a visual masterpiece but lacks heart !!! ??? &amp; #123;,Entertainment
Streaming giant HBO Max cancels fan-favorite series Succession,Entertainment
Injury update: LeBron James to miss upcoming match against Golden State Warriors,Sports
"inflation hits 3.1% in japan, highest in decades",Business
Klopp resigns after disappointing season for Manchester United,Sports
      Apple  shares  surge  after  strong  Q3  earnings  report            ,Business
Injury update: Cristiano Ronaldo to miss upcoming match against All Blacks,Sports
      How  Blockchain  is  transforming  the  Healthcare  industry            ,Technology
<p>Lakers signs Virat Kohli for record-breaking fee</p>,Sports
Controversy at NBA Finals as referee makes bold call,Sports
Startup Meta raises $250 million in Series B funding,Business
Cryptocurrency Dogecoin hits new all-time high,Business
      AMD  unveils  new  Vision  Pro  2  with  AI  capabilities            ,Technology
Injury update: LeBron James to miss upcoming match against Real Madrid,SPORTS
Top 10 moments from the Champions League this weekend,Sports
<p>Startup Tesla raises $250 million in Series B funding</p>,Business
"INFLATION HITS 3.1% IN BRAZIL, HIGHEST IN DECADES",Business
Protests erupt in Paris over environmental regulations,Politics
RESEARCHERS DEVELOP NEW 6G NETWORKS THAT COULD CHANGE THE WORLD,Technology
Salesforce unveils new Vision Pro 2 with AI capabilities,Technology
Top 10 moments from the Wimbledon this weekend,Sports
Startup Nvidia arises $500 million in Series B funding,Business
France and Israel sign historic peace treaty,Politics
Injury update: LeBron James to miss upcoming match against Golden State Warriors,Sports
Startup Microsoft raises $1000 million in Series B funding,Business
Klopp resigns after disappointing season for Yankees,Sports
TOP 10 MOMENTS FROM THE OLYMPICS THIS WEEKEND,Sports
How Blockchain is transforming the Finance industry,TECHNOLOGY
Elon Musk announces massive layoff at Microsoft,Business
New trailer for The Batman Sequel breaks internet records,Entertainment
<div>Streaming giant HBO Max cancels fan-favorite series The Bear</div>,entertainment
Injury update: LeBron James to miss upcoming match against All Blacks,Sports
TOP 10 MOMENTS FROM THE CHAMPIONS LEAGUE THIS WEEKEND,Sports
Beyonce and Rihanna spotted together at Coachella,Entertainment
Controversy at Super Bowl as referee makesb old call,Sports
Foreign minister of South Korea visits Ukraine for talks,Politics
Cybersecurity breach at OpenAI exposes millions of records,Technology
,Politics
How Fusion Energy is transforming the Agriculture industry,Technology
,Technology
      Senate  passes  new  bill  on  Education  Funding  despite  opposition            ,Politics
<b>South Korea and Italy sign historic peace treaty</b>,Politics
Cybersecurity breach at Adobe exposes millions of records,Technology
Popovich resigns after disappointing season for Lakers,Sports
Box office: Avengers 5 surpasses $1 billion mark worldwide,Entertainment
Cryptocurrency Bitcoin hits new all-time high,Business
Global markets react to UK's new trade policy,Business
Tom Holland and Scarlett Johansson spotted together at Fashion Week,Entertainment
Researchers develop new Generative AI that could change the world,technology
      France  and  Italy  sign  historic  peace  treaty            ,Politics
Tim Cook announces massive layoff at Nvidia,Business
Cryptocurrency Ethereum hits new all-time high,Business
OpenAI unveils new Pixel 10 with AI capabilities,Technology
AMD UNVEILS NEW IPHONE 17 WITH AI CAPABILITIES,Technology
Taylor Swift and Timothee Chalamet spotted together at Fashion Week,Entertainment
Controversy at Super Bowl as referee makes bold call,Sports
The future of Blockchain: What to expect in 2026,Technology
Real Madrid wins World Cup in a thrilling final,Sports
<span>Supreme Court to rule on Tax Cuts case next week</span>,Politics
PRIME MINISTER JOHNSON LEADS IN LATEST POLLS FOR MIDTERMS,POLITICS
Protests erupt in London over police reform,politics
      Unknown  announces  world  tour  for  new  album  Midnight  Sun            ,Entertainment
Streaming giant HBO Max cancels fan-favorite series The Last of Us,Entertainment
<br/>Injury update: Lewis Hamilton to miss upcoming match against Real Madrid,Sports
Senator Garcia leads in latest polls for Midterms,Politics
Review: Is the new ChatGPT-5 worth the upgrade?,Technology
Supreme Court to rule on Tax Cuts case next week,Politics
guardiola resigns after disappointing season for lakers,Sports
      Virat  Kohli  breaks  record  for  most  touchdowns  in  a  season            ,Sports
Governor Lee leads in latest polls for Presidential Race,Politics
CONTROVERSY AT SUPER BOWL AS REFEREE MAKES BOLD CALL,Sports
New trailer for Dune: Part Three breaks internet records,Entertainment
Klopp resigns after disappointing season for Lakers,Sports
Unknown announces world tour for new album Eternal Echoes !!! ??? &amp; #123;,ENTERTAINMENT
Lewis Hamilton breaks record for most home runs in a season,SPORTS
SpaceX unveils new iPhone 17 with AI capabilities,Technology
Global markets react to Japan's new trade policy,Business
Virat Kohli breaks record for most home runs in a season !!! ??? &amp; #123;,Sports
"<span>Inflation hits 7.8% in China, highest in decades</span>",Business
Box office: Dune: Part Three surpasses $1 billion mark worldwide,Entertainment
      Yankees  wins  Wimbledon  in  a  thrilling  final            ,SPORTS
<br/>Unknown announces world tour for new album The Anthology,entertainment
Supreme Court to rule on Climate Change case next week,politics
Merger between Nvidia and Sony approved by regulators,business
Lionel Messi breaks record for most points in a season,Sports
Governor Lee leads in latest polls for Midterms,Politics
Review: Is the new Vision Pro 2 worth the upgrade?,Technology
<span>Global markets react to Japan's new trade policy</span>,Business
      Corruption  scandal  rocks  Senator  Garcia's  administration            ,Politics
Open source project iPhone 17 reaches major milestone,Technology
Yankees wins Olympics in a thrilling final,Sports
South Korea and Mexico sign historic peace treaty,Politics
Tim Cook announces massive layoff at Amazon,Business
      Senate  passes  new  bill  on  Immigration  despite  opposition            ,Politics
Elon Musk announces massive layoff at Meta,Business
Researchers develop new Quantum Computing that could change the world,technology
Controversy at Olympics as referee makes bold call,Sports
injury update: lebron james to miss upcoming match against ferrari,Sports
<br/>New trailer for The Batman Sequel breaks internet records,Entertainment
,Technology
Real Madrid wins NBA Finals in a thrilling final,Sports
Startup Amazon raises $50 million in Series B funding,Business
<div>Popovich resigns after disappointing season for Ferrari</div>,Sports
Startup Meta raises $250 million in Series B funding,BUSINESS
THE FUTURE OF QUANTUM COMPUTING: WHAT TO EXPECT IN 2026,Technology
Unknown announces world tour for new album Eternal Echoes,Entertainment
<br/>Supreme Court to rule on Education Funding case next week,Politics
Adobe unveils new iPhone 17 with AI capabilities,Technology
Unknown announces world tour for new album Visions,Entertainment
Top 10 moments from the Grand Prix this weekend,SPORTS
"Inflation hits 5.2% in Germany, highest in decades !!! ??? &amp; #123;",Business
President Smith leads in latest polls for General Election,Politics
Top 10 moments from the World Cup this weekend,sports
<div>Tom Holland and Drake spotted together at Coachella</div>,ENTERTAINMENT
The future of Blockchain: What to expect in 2026,Technology
Yankees wins World Cup in a thrilling final,Sports
how generative ai is transforming the automotive industry,Technology
Protests erupt in Berlin over environmental regulations,Politics
Lionel Messi breaks record for most points in a season,Sports
Merger between Tesla and Samsung approved by regulators,Business
Tom Brady breaks record for most wickets in a season,sports
      Senate  passes  new  bill  on  Education  Funding  despite  opposition            ,Politics
      Review:  The  Batman  Sequel  is  a  visual  masterpiece  but  lacks  heart            ,Entertainment
Tom Holland and Scarlett Johansson spotted together at Met Gala,Entertainment
Startup Meta raises $250 million in Series B funding,Business
eZndaya and Drake spotted together at Met Gala,ENTERTAINMENT
"Inflation hits 7.8% in USA, highest in decades",Business
Review: Is the new iPhone 17 worth the upgrade?,Technology
USA and Egypt sign historic peace treaty,Politics
Injury update: Cristiano Ronaldo to miss upcoming match against Lakers,Sports
      Injury  update:  Tom  Brady  to  miss  upcoming  match  against  Golden  State  Warriors            ,Sports
REVIEW: IS THE NEW VISION PRO 2 WORTH THE UPGRADE?,Technology
The future of 6G Networks: What to expect in 2026,Technology
corruption scandal rocks prime minister johnson's administration,Politics
Researchers develop new Generative AI that could change the world,Technology
,Business
Real Madrid signs Lewis Hamilton for record-breaking fee,Sports
Australia and Egypt sign historic peace treaty,Politics
open source project iphone 17 reaches major milestone,Technology
Margot Robbie wins Best Actor at the Grammys,Entertainment
Open source project Pixel 10 reaches major milestone,TECHNOLOGY
Merger between Google and Disney approved by regulators !!! ??? &amp; #123;,Business
Ancelotti resigns after disappointing season for Golden State Warriors,Sports
      Global  markets  react  to  Brazil's  new  trade  policy            ,business
<div>Unknown announces world tour for new album The Anthology</div>,Entertainment
Review: Inception 2 is a visual masterpiece but lacks heart,Entertainment
Unknown announces world tour for new album The Anthology,Entertainment
Review: Is the new ChatGPT-5 worth the upgrade?,Technology
<b>Ferrari wins World Cup in a thrilling final</b>,Sports
Senate passes new bill on Healthcare Reform despite opposition,Politics
"Inflation hits 3.1% in USA, highest in decades",Business
Unknown announces world tour for new album Visions,Entertainment
Taylor Swift wins Best Actor at the Oscars,Entertainment
Foreign minister of France visits Egypt for talks !!! ??? &amp; #123;,Politics
      Virat  Kohli  breaks  record  for  most  touchdowns  in  a  season            ,Sports
Foreign minister of France visits Italy for talks,Politics
Supreme Court to rule on Education Funding case next week,Politics
google shares surge after strong q3 earnings report,Business
Box office: Avengers 5 surpasses $1 billion mark worldwide,Entertainment
Senate passes new bill on Education Funding despite oppsoition,Politics
Senate passes new bill on Immigration despite opposition,Politics
box office: inception 2 surpasses $1 billion mark worldwide,Entertainment
Merger between Amazon and Disney approved by regulators,BUSINESS
Review: Is the new Vision Pro 2 worth the upgrade?,Technology
Review: Is the new ChatGPT-5 worth the upgrade?,Technology
Lakers wins Grand Prix in a thrilling final,SPORTS
Cillian Murphy and Scarlett Johansson spotted together at Cannes Film Festival,Entertainment
<span>Protests erupt in Washington D.C. over civil rights</span>,Politics
Zendaya wins Best Actor at the Grammys,Entertainment
FOREIGN MINISTER OF SOUTH KOREA VISITS ITALY FOR TALKS,Politics
,Politics
Prmie Minister Johnson leads in latest polls for Midterms,politics
Streaming giant Netflix cancels fan-favorite series The Bear,Entertainment
Corruption scandal rocks Prime Minister Johnson's administration,Politics
Injury update: Virat Kohli to miss upcoming match against All Blacks,Sports
Foreign minister of South Korea visits Ukraine for talks,Politics
New trailer for Inception 2 breaks internet records,Entertainment
Lewis Hamilton breaks record for most touchdowns in a season,Sports
      Startup  Tesla  raises  $100  million  in  Series  B  funding            ,Business
<span>Open source project iPhone 17 reaches major milestone</span>,Technology
Canada and Ukraine sign historic peace treaty,Politics
TOM BRADY BREAKS RECORD FOR MOST POINTS IN A SEASON,sports
Top 10 moments from the Wimbledon this weekend,Sports
Corruption scandal rocks Prime Minister Johnson's administration,Politics
Protests erupt in Paris over police reform,Politics
Open source project ChatGPT-5 reaches major milestone,Technology
"      Inflation  hits  7.8%  in  India,  highest  in  decades            ",Business
      Governor  Lee  leads  in  latest  polls  for  Local  Elections            ,Politics
Controversy at World Cup as referee makes bold call,Sports
Supreme Court to rule on Education Funding case next week,Politics
Supreme Cour tto rule on Climate Change case next week,Politics
      Cryptocurrency  Solana  hits  new  all-time  high            ,Business
Supreme Court to rule on Climate Change case next week,Politics
Cryptocurrency Bitcoin hits new all-time high,Business
Manchester United signs Serena Williams for record-breaking fee,Sports
Protests erupt in Paris over police reform !!! ??? &amp; #123;,Politics
Senate passes new bill on Immigration despite opposition !!! ??? &amp; #123;,Politics
Unknown announces world tour for new album Midnight Sun,Entertainment
all blacks signs serena williams for record-breaking fee,Sports
      Injury  update:  Virat  Kohli  to  miss  upcoming  match  against  Lakers            ,Sports
<br/>Unknown announces world tour for new album Eternal Echoes,Entertainment
"<b>Inflation hits 10.5% in USA, highest in decades</b>",Business
Startup Apple raises $1000 million in Series B funding,Business
Global markets react to USA's new trade policy,Business
Top 10 moments from the Champions League this weekend,Sports
Yankees signs LeBron James for record-breaking fee,Sports
      Virat  Kohli  breaks  record  for  most  points  in  a  season            ,Sports
<b>Top 10 moments from the Grand Prix this weekend</b>,Sports
Golden State Warriors signs LeBron James for record-breaking fee,Sports
Zendaya and Drake spotted together at Cannes Film Festival,Entertainment
The future of Blockchain: What to expect in 2026 !!! ??? &amp; #123;,Technology
Merger between Meta and Disney approved by regulators,Business
Injury update: Serena Williams to miss upcoming match against Golden State Warriors,Sports
Adobe unveils new iPhone 17 with AI capabilities,Technology
Cillian Murphy wins Best Actor at the BAFTAs !!! ??? &amp; #123;,Entertainment
<span>Protests erupt in Berlin over economic inequality</span>,Politics
Canada and Mexico sign historic peace treaty,Politics
Startup Nvidia raises $500 million in Series B funding,Business
CYBERSECURITY BREACH AT OPENAI EXPOSES MILLIONS OF RECORDS,Technology
Corruption scandal rocks President Smith's administration,politics
Review: Inception 2 is a visual masterpiece but lacks heart,Entertainment
<span>Cryptocurrency Ethereum hits new all-time high</span>,Business
Taylor Swift wins Best Actor at the BAFTAs,entertainment
Review: Is the new Vision Pro 2 worth the upgrade?,Technology
The future of 6G Networks: What to expect in 2026,Technology
,business
Cryptocurrency Ethereum hits new all-time high,Business
      Unknown  announces  world  tour  for  new  album  Eternal  Echoes            ,Entertainment
open source project chatgpt-5 reaches major milestone,TECHNOLOGY
<b>New trailer for Inception 2 breaks internet records</b>,ENTERTAINMENT
Protests erupt in Berlin over civil rights,Politics
Box office: Inception 2 surpasses $1 billion mark worldwide,Entertainment
Researchers develop new Quantum Computing that could change the world,Technology
Open source project ChatGPT-5 reaches major milestone,TECHNOLOGY
"Inflation hits 7.8% in USA, highest in decades",Business
Injury update: Cristiano Ronaldo to miss upcoming match against Manchester United,Sports
streaming giant netflix cancels fan-favorite series stranger things,ENTERTAINMENT
RESEARCHERS DEVELOP NEW 6G NETWORKS THAT COULD CHANGE THE WORLD,Technology
global markets react to germany's new trade policy,Business
STARTUP NVIDIA RAISES $100 MILLION IN SERIES B FUNDING,Business
Senate passes new bill on Immigration despite opposition,Politics
Review: Barbie 2 is a visual masterpiece but lacks heart,Entertainment
Cryptocurrency Solana hits new all-time high,Business
real madrid wins super bowl in a thrilling final,Sports
<p>Protests erupt in New Delhi over environmental regulations</p>,Politics
<p>Box office: Barbie 2 surpasses $1 billion mark worldwide</p>,Entertainment
Manchester United wins Super Bowl in a thrilling final,Sports
Global markets react to India's new trade policy !!! ??? &amp; #123;,Business
      Corruption  scandal  rocks  Senator  Garcia's  administration            ,Politics
,Technology
Startup Meta raises $250 million in Series B funding,business
Top 10 moments from the Champions League this weekend,Sports
Amazon shares surge after strong Q3 earnings report,Business
REVIEW: THE BATMAN SEQUEL IS A VISUAL MASTERPIECE BUT LACKS HEART,Entertainment
President Smith leads in latest polls for General Election,Politics
Manchester United wins Super Bowl in a thrilling final,Sports
<br/>Unknown announces world tour for new album The Anthology,Entertainment
Top 10 moments from the Wimbledon this weekend,Sports
Protests erupt in New Delhi over environmental regulations,Politics
How Quantum Computing is transforming the Agriculture industry,Technology
Researchers develop new Blockchain that could change the world,Technology
Streaming giant Disney+ cancels fan-favorite series Succession,Entertainment
      Injury  update:  Tom  Brady  to  miss  upcoming  match  against  Golden  State  Warriors            ,Sports
New trailer for Incetpion 2 breaks internet records,Entertainment
<b>Controversy at Super Bowl as referee makes bold call</b>,Sports
Tom Holland and Drake spotted together at Coachella,Entertainment
senate passes new bill on healthcare reform despite opposition,Politics
Injury update: Serena Williams to miss upcoming match against Golden State Warriors,Sports
Canada and Mexico sign historic peace treaty,politics
Senate passes new bill on Education Funding despite opposition !!! ??? &amp; #123;,Politics
<span>Cybersecurity breach at Intel exposes millions of records</span>,Technology
Review: Dune: Part Three is a visual masterpiece but lacks heart,Entertainment
<div>Tim Cook announces massive layoff at Meta</div>,Business
Supreme Court to rule on Tax Cuts case next week,Politics
All Blacks wins Wimbledon in a thrilling final,Sports
The future of 6G Networks: What to expect in 2026,Technology
Injury update: Cristiano Ronaldo to miss upcoming match against All Blacks,Sports
GLOBAL MARKETS REACT TO USA'S NEW TRADE POLICY,Business
